First name,Middle name,Last name,Sex,Employment Status,Age,Marital Status,Number of Dependents,User name,Email address,Password,Applied for Load,Loan ID,Loan amount,Loan Term,Yearly income
Vincent,Sheila,Ortega,male,Full-time,60,Single,2,Vincent_Sheila_Ortega,Vincent.Sheila@Ortega.com,VincentSheilaOrtega!,FALSE,,,,105789
Imani,Kaden,Graham,female,Part-time,84,Married,2,Imani_Kaden_Graham,Imani.Kaden@Graham.com,ImaniKadenGraham!,FALSE,,,,84147
Lev,Daquan,Davis,female,Unemployed,31,Divorced,2,Lev_Daquan_Davis,Lev.Daquan@Davis.com,LevDaquanDavis!,FALSE,,,,128619
Eve,Hu,Jensen,female,Full-time,42,Widowed,1,Eve_Hu_Jensen,Eve.Hu@Jensen.com,EveHuJensen!,FALSE,,,,59268
Jesse,Kenneth,Perry,female,Full-time,73,Single,0,Jesse_Kenneth_Perry,Jesse.Kenneth@Perry.com,JesseKennethPerry!,FALSE,,,,91726
Elton,Dillon,Hardin,male,Full-time,70,Single,1,Elton_Dillon_Hardin,Elton.Dillon@Hardin.com,EltonDillonHardin!,FALSE,,,,107582
Serina,Rachel,Dennis,female,Full-time,80,Single,1,Serina_Rachel_Dennis,Serina.Rachel@Dennis.com,SerinaRachelDennis!,FALSE,,,,121094
Martena,Jesse,Gonzales,female,Part-time,57,Single,3,Martena_Jesse_Gonzales,Martena.Jesse@Gonzales.com,MartenaJesseGonzales!,FALSE,,,,131376
Caldwell,Armand,Williams,male,Part-time,87,Single,2,Caldwell_Armand_Williams,Caldwell.Armand@Williams.com,CaldwellArmandWilliams!,FALSE,,,,100188
Daria,Yasir,Mathis,female,Unemployed,55,Married,3,Daria_Yasir_Mathis,Daria.Yasir@Mathis.com,DariaYasirMathis!,FALSE,,,,65970
Judah,Lisandra,Pacheco,female,Unemployed,80,Married,2,Judah_Lisandra_Pacheco,Judah.Lisandra@Pacheco.com,JudahLisandraPacheco!,FALSE,,,,133615
Emi,Keelie,Strickland,female,Unemployed,64,Single,3,Emi_Keelie_Strickland,Emi.Keelie@Strickland.com,EmiKeelieStrickland!,FALSE,,,,46447
Ronan,Dominic,Henderson,male,Part-time,51,Married,0,Ronan_Dominic_Henderson,Ronan.Dominic@Henderson.com,RonanDominicHenderson!,FALSE,,,,104071
Halee,Walker,Mccormick,male,Full-time,38,Widowed,2,Halee_Walker_Mccormick,Halee.Walker@Mccormick.com,HaleeWalkerMccormick!,FALSE,,,,127242
Reuben,Vladimir,England,male,Full-time,27,Widowed,2,Reuben_Vladimir_England,Reuben.Vladimir@England.com,ReubenVladimirEngland!,FALSE,,,,111655
Hoyt,Donovan,Hess,male,Full-time,37,Widowed,0,Hoyt_Donovan_Hess,Hoyt.Donovan@Hess.com,HoytDonovanHess!,FALSE,,,,37286
Isabelle,Cole,Kirby,female,Full-time,24,Widowed,2,Isabelle_Cole_Kirby,Isabelle.Cole@Kirby.com,IsabelleColeKirby!,FALSE,,,,61098
Chiquita,Lacy,Castro,female,Part-time,41,Divorced,0,Chiquita_Lacy_Castro,Chiquita.Lacy@Castro.com,ChiquitaLacyCastro!,FALSE,,,,103477
Rana,Camille,Ferrell,female,Part-time,25,Divorced,0,Rana_Camille_Ferrell,Rana.Camille@Ferrell.com,RanaCamilleFerrell!,FALSE,,,,114111
Destiny,Latifah,Meyer,female,Part-time,25,Divorced,3,Destiny_Latifah_Meyer,Destiny.Latifah@Meyer.com,DestinyLatifahMeyer!,FALSE,,,,84952
Fiona,Gannon,Duran,female,Part-time,26,Divorced,0,Fiona_Gannon_Duran,Fiona.Gannon@Duran.com,FionaGannonDuran!,FALSE,,,,123398
Steven,Nathan,Ross,male,Unemployed,59,Divorced,0,Steven_Nathan_Ross,Steven.Nathan@Ross.com,StevenNathanRoss!,FALSE,,,,23363
Kaden,Kathleen,Chapman,female,Unemployed,28,Single,2,Kaden_Kathleen_Chapman,Kaden.Kathleen@Chapman.com,KadenKathleenChapman!,FALSE,,,,65491
Acton,Nerea,Salas,male,Unemployed,22,Married,2,Acton_Nerea_Salas,Acton.Nerea@Salas.com,ActonNereaSalas!,FALSE,,,,66535
Xanthus,Aphrodite,Dillard,male,Part-time,63,Single,3,Xanthus_Aphrodite_Dillard,Xanthus.Aphrodite@Dillard.com,XanthusAphroditeDillard!,FALSE,,,,59913
Burke,Jacob,Peck,male,Part-time,48,Married,0,Burke_Jacob_Peck,Burke.Jacob@Peck.com,BurkeJacobPeck!,FALSE,,,,82287
Mechelle,Uma,Holloway,female,Part-time,55,Widowed,2,Mechelle_Uma_Holloway,Mechelle.Uma@Holloway.com,MechelleUmaHolloway!,FALSE,,,,81254
Kevyn,Lana,Massey,female,Full-time,82,Widowed,1,Kevyn_Lana_Massey,Kevyn.Lana@Massey.com,KevynLanaMassey!,FALSE,,,,41669
Kerry,Paula,Weaver,female,Full-time,78,Widowed,1,Kerry_Paula_Weaver,Kerry.Paula@Weaver.com,KerryPaulaWeaver!,FALSE,,,,17841
Armando,Beck,Love,male,Full-time,62,Divorced,1,Armando_Beck_Love,Armando.Beck@Love.com,ArmandoBeckLove!,FALSE,,,,72432
Maile,Rahim,Deleon,male,Full-time,73,Divorced,1,Maile_Rahim_Deleon,Maile.Rahim@Deleon.com,MaileRahimDeleon!,FALSE,,,,123546
Stephen,Clark,Hutchinson,male,Part-time,65,Divorced,2,Stephen_Clark_Hutchinson,Stephen.Clark@Hutchinson.com,StephenClarkHutchinson!,FALSE,,,,32217
Denise,Uriah,Downs,female,Unemployed,88,Divorced,2,Denise_Uriah_Downs,Denise.Uriah@Downs.com,DeniseUriahDowns!,FALSE,,,,89441
Orla,Reed,Powell,female,Unemployed,72,Divorced,3,Orla_Reed_Powell,Orla.Reed@Powell.com,OrlaReedPowell!,FALSE,,,,68745
Imelda,McKenzie,Albert,female,Unemployed,30,Single,1,Imelda_McKenzie_Albert,Imelda.McKenzie@Albert.com,ImeldaMcKenzieAlbert!,FALSE,,,,66946
Josiah,Serena,Spears,female,Unemployed,56,Single,1,Josiah_Serena_Spears,Josiah.Serena@Spears.com,JosiahSerenaSpears!,FALSE,,,,124656
Imelda,Hannah,Nicholson,female,Unemployed,88,Single,2,Imelda_Hannah_Nicholson,Imelda.Hannah@Nicholson.com,ImeldaHannahNicholson!,FALSE,,,,12568
Cain,Daniel,Johnson,male,Part-time,70,Married,0,Cain_Daniel_Johnson,Cain.Daniel@Johnson.com,CainDanielJohnson!,FALSE,,,,34657
Deirdre,Curran,Mendoza,male,Part-time,74,Married,2,Deirdre_Curran_Mendoza,Deirdre.Curran@Mendoza.com,DeirdreCurranMendoza!,FALSE,,,,113995
Armando,Colette,Munoz,male,Part-time,77,Married,3,Armando_Colette_Munoz,Armando.Colette@Munoz.com,ArmandoColetteMunoz!,FALSE,,,,96041
Genevieve,Camden,Pierce,male,Part-time,40,Single,0,Genevieve_Camden_Pierce,Genevieve.Camden@Pierce.com,GenevieveCamdenPierce!,FALSE,,,,46921
Rigel,Rosalyn,Byers,male,Full-time,77,Married,0,Rigel_Rosalyn_Byers,Rigel.Rosalyn@Byers.com,RigelRosalynByers!,FALSE,,,,47780
Christian,Troy,Rosa,male,Full-time,89,Married,3,Christian_Troy_Rosa,Christian.Troy@Rosa.com,ChristianTroyRosa!,FALSE,,,,48628
Chantale,Willow,Wright,female,Full-time,54,Married,3,Chantale_Willow_Wright,Chantale.Willow@Wright.com,ChantaleWillowWright!,FALSE,,,,42770
Shana,Chaim,Herrera,female,Full-time,52,Married,1,Shana_Chaim_Herrera,Shana.Chaim@Herrera.com,ShanaChaimHerrera!,FALSE,,,,14985
Shafira,Macaulay,Gomez,female,Part-time,89,Single,0,Shafira_Macaulay_Gomez,Shafira.Macaulay@Gomez.com,ShafiraMacaulayGomez!,FALSE,,,,66251
Phelan,Kelsie,Carr,male,Part-time,42,Married,1,Phelan_Kelsie_Carr,Phelan.Kelsie@Carr.com,PhelanKelsieCarr!,FALSE,,,,121796
Ronan,Tiger,Ellis,male,Part-time,22,Married,3,Ronan_Tiger_Ellis,Ronan.Tiger@Ellis.com,RonanTigerEllis!,FALSE,,,,107131
Ulysses,Elvis,Petty,male,Unemployed,62,Married,2,Ulysses_Elvis_Petty,Ulysses.Elvis@Petty.com,UlyssesElvisPetty!,FALSE,,,,74826
Zahir,Blythe,Duncan,male,Full-time,64,Single,1,Zahir_Blythe_Duncan,Zahir.Blythe@Duncan.com,ZahirBlytheDuncan!,FALSE,,,,43250
Perry,Vance,England,male,Part-time,50,Divorced,1,Perry_Vance_England,Perry.Vance@England.com,PerryVanceEngland!,FALSE,,,,40230
Walter,Ila,David,male,Full-time,25,Divorced,1,Walter_Ila_David,Walter.Ila@David.com,WalterIlaDavid!,FALSE,,,,68895
Camden,Phillip,Mckinney,male,Unemployed,71,Divorced,2,Camden_Phillip_Mckinney,Camden.Phillip@Mckinney.com,CamdenPhillipMckinney!,FALSE,,,,148297
William,May,Figueroa,male,Unemployed,48,Single,2,William_May_Figueroa,William.May@Figueroa.com,WilliamMayFigueroa!,FALSE,,,,50444
Owen,Germaine,Campos,male,Part-time,71,Married,3,Owen_Germaine_Campos,Owen.Germaine@Campos.com,OwenGermaineCampos!,FALSE,,,,94962
Wing,Ivana,Dillard,male,Full-time,25,Married,0,Wing_Ivana_Dillard,Wing.Ivana@Dillard.com,WingIvanaDillard!,FALSE,,,,114334
Nicholas,Lionel,Myers,male,Part-time,69,Widowed,2,Nicholas_Lionel_Myers,Nicholas.Lionel@Myers.com,NicholasLionelMyers!,FALSE,,,,144719
Kuame,Deanna,Nixon,female,Part-time,48,Widowed,2,Kuame_Deanna_Nixon,Kuame.Deanna@Nixon.com,KuameDeannaNixon!,FALSE,,,,101265
Ignatius,Louis,Montgomery,male,Part-time,26,Widowed,2,Ignatius_Louis_Montgomery,Ignatius.Louis@Montgomery.com,IgnatiusLouisMontgomery!,FALSE,,,,129189
Guy,Odette,George,male,Full-time,25,Married,3,Guy_Odette_George,Guy.Odette@George.com,GuyOdetteGeorge!,FALSE,,,,137558
Bruce,Evan,Fletcher,male,Full-time,31,Married,2,Bruce_Evan_Fletcher,Bruce.Evan@Fletcher.com,BruceEvanFletcher!,FALSE,,,,69763
Aileen,Dillon,Franco,female,Full-time,77,Married,2,Aileen_Dillon_Franco,Aileen.Dillon@Franco.com,AileenDillonFranco!,FALSE,,,,109910
Dante,Palmer,Wong,male,Full-time,78,Married,1,Dante_Palmer_Wong,Dante.Palmer@Wong.com,DantePalmerWong!,FALSE,,,,85899
Nyssa,Indigo,Leach,female,Unemployed,77,Married,2,Nyssa_Indigo_Leach,Nyssa.Indigo@Leach.com,NyssaIndigoLeach!,FALSE,,,,110111
Maisie,Rafael,Jenkins,male,Full-time,72,Married,1,Maisie_Rafael_Jenkins,Maisie.Rafael@Jenkins.com,MaisieRafaelJenkins!,FALSE,,,,27732
Fallon,Tucker,Mccoy,male,Unemployed,66,Single,2,Fallon_Tucker_Mccoy,Fallon.Tucker@Mccoy.com,FallonTuckerMccoy!,FALSE,,,,144772
Jillian,Piper,Goodman,female,Full-time,82,Single,1,Jillian_Piper_Goodman,Jillian.Piper@Goodman.com,JillianPiperGoodman!,FALSE,,,,77562
Griffith,Wyoming,Mercado,male,Unemployed,69,Single,3,Griffith_Wyoming_Mercado,Griffith.Wyoming@Mercado.com,GriffithWyomingMercado!,FALSE,,,,144466
Quemby,Deborah,Gibson,male,Full-time,75,Single,2,Quemby_Deborah_Gibson,Quemby.Deborah@Gibson.com,QuembyDeborahGibson!,FALSE,,,,40756
Tad,Denise,Webster,male,Part-time,65,Married,3,Tad_Denise_Webster,Tad.Denise@Webster.com,TadDeniseWebster!,FALSE,,,,137449
Timon,April,Flores,male,Part-time,85,Divorced,2,Timon_April_Flores,Timon.April@Flores.com,TimonAprilFlores!,FALSE,,,,110666
Damian,Edan,Knox,female,Part-time,40,Widowed,3,Damian_Edan_Knox,Damian.Edan@Knox.com,DamianEdanKnox!,FALSE,,,,72560
Irma,Hamish,Morse,female,Part-time,39,Single,3,Irma_Hamish_Morse,Irma.Hamish@Morse.com,IrmaHamishMorse!,FALSE,,,,43233
Nora,Tyler,Wolf,female,Full-time,29,Divorced,2,Nora_Tyler_Wolf,Nora.Tyler@Wolf.com,NoraTylerWolf!,FALSE,,,,113858
Jaden,Joelle,Hale,male,Part-time,89,Married,3,Jaden_Joelle_Hale,Jaden.Joelle@Hale.com,JadenJoelleHale!,FALSE,,,,72356
Yvette,Ima,Sandoval,female,Full-time,68,Widowed,2,Yvette_Ima_Sandoval,Yvette.Ima@Sandoval.com,YvetteImaSandoval!,FALSE,,,,57067
Callum,Cherokee,Solomon,male,Part-time,78,Single,1,Callum_Cherokee_Solomon,Callum.Cherokee@Solomon.com,CallumCherokeeSolomon!,FALSE,,,,69814
Randall,Adrienne,Nunez,male,Full-time,33,Divorced,3,Randall_Adrienne_Nunez,Randall.Adrienne@Nunez.com,RandallAdrienneNunez!,FALSE,,,,112299
Gray,Duncan,Conway,male,Part-time,47,Married,2,Gray_Duncan_Conway,Gray.Duncan@Conway.com,GrayDuncanConway!,FALSE,,,,131307
Shad,Dominic,Moss,female,Full-time,22,Widowed,0,Shad_Dominic_Moss,Shad.Dominic@Moss.com,ShadDominicMoss!,FALSE,,,,86339
Charissa,Vance,Wilson,female,Part-time,60,Single,2,Charissa_Vance_Wilson,Charissa.Vance@Wilson.com,CharissaVanceWilson!,FALSE,,,,38051
Burke,Kareem,Randolph,male,Part-time,80,Divorced,2,Burke_Kareem_Randolph,Burke.Kareem@Randolph.com,BurkeKareemRandolph!,FALSE,,,,138871
Mollie,Shad,Randolph,female,Part-time,70,Married,3,Mollie_Shad_Randolph,Mollie.Shad@Randolph.com,MollieShadRandolph!,FALSE,,,,27732
Dana,Beverly,Nieves,female,Part-time,63,Widowed,3,Dana_Beverly_Nieves,Dana.Beverly@Nieves.com,DanaBeverlyNieves!,FALSE,,,,65423
Amanda,Alma,Riggs,female,Part-time,75,Single,3,Amanda_Alma_Riggs,Amanda.Alma@Riggs.com,AmandaAlmaRiggs!,FALSE,,,,114152
Clinton,Meredith,Griffin,female,Unemployed,28,Divorced,2,Clinton_Meredith_Griffin,Clinton.Meredith@Griffin.com,ClintonMeredithGriffin!,FALSE,,,,149954
Perry,Zephania,Holland,male,Unemployed,40,Married,3,Perry_Zephania_Holland,Perry.Zephania@Holland.com,PerryZephaniaHolland!,FALSE,,,,92307
Whoopi,Abdul,Daniels,female,Unemployed,66,Widowed,2,Whoopi_Abdul_Daniels,Whoopi.Abdul@Daniels.com,WhoopiAbdulDaniels!,FALSE,,,,28004
Kyle,Ulysses,Sparks,female,Unemployed,45,Single,0,Kyle_Ulysses_Sparks,Kyle.Ulysses@Sparks.com,KyleUlyssesSparks!,FALSE,,,,124682
Fiona,Abel,Peterson,female,Unemployed,89,Divorced,1,Fiona_Abel_Peterson,Fiona.Abel@Peterson.com,FionaAbelPeterson!,FALSE,,,,104281
Zena,Angelica,Odom,female,Part-time,27,Married,3,Zena_Angelica_Odom,Zena.Angelica@Odom.com,ZenaAngelicaOdom!,FALSE,,,,39755
Nola,Julian,Eaton,female,Part-time,76,Widowed,0,Nola_Julian_Eaton,Nola.Julian@Eaton.com,NolaJulianEaton!,FALSE,,,,66825
Freya,Bevis,Hill,female,Full-time,42,Single,3,Freya_Bevis_Hill,Freya.Bevis@Hill.com,FreyaBevisHill!,FALSE,,,,62051
Wayne,Tad,Austin,male,Full-time,71,Divorced,0,Wayne_Tad_Austin,Wayne.Tad@Austin.com,WayneTadAustin!,FALSE,,,,17367
Joshua,Justina,Page,male,Full-time,86,Married,0,Joshua_Justina_Page,Joshua.Justina@Page.com,JoshuaJustinaPage!,FALSE,,,,73829
Jelani,Kaseem,Green,female,Full-time,41,Widowed,0,Jelani_Kaseem_Green,Jelani.Kaseem@Green.com,JelaniKaseemGreen!,FALSE,,,,121860
Elvis,Hu,Charles,male,Full-time,75,Single,0,Elvis_Hu_Charles,Elvis.Hu@Charles.com,ElvisHuCharles!,FALSE,,,,80595
Amanda,Orlando,Robertson,female,Full-time,53,Divorced,2,Amanda_Orlando_Robertson,Amanda.Orlando@Robertson.com,AmandaOrlandoRobertson!,FALSE,,,,44946
Kerry,Aubrey,Holder,female,Full-time,81,Married,3,Kerry_Aubrey_Holder,Kerry.Aubrey@Holder.com,KerryAubreyHolder!,FALSE,,,,68955
Fatima,Chancellor,Reeves,female,Full-time,71,Widowed,2,Fatima_Chancellor_Reeves,Fatima.Chancellor@Reeves.com,FatimaChancellorReeves!,FALSE,,,,66770
